place,title,time,pay,date
부산 수영구, 교원구몬 수영지국,15:00~21:00,"월급1,800,000",3분전
부산 수영구, 교원구몬 수영지국,15:00~21:00,"월급1,800,000",3분전
강원 동해시, 교원구몬 동해지국,시간협의,"월급1,800,000",11분전
강원 동해시, 교원구몬 동해지국,시간협의,"월급1,800,000",12분전
강원 동해시, 교원구몬 동해지국,시간협의,"월급1,800,000",13분전
대구 수성구, 교원구몬 지산지국,시간협의,"월급1,800,000",19분전
경기 포천시, 교원구몬 송우지소,시간협의,"월급1,800,000",21분전
경기 포천시, 교원구몬 송우지소,시간협의,"월급1,800,000",21분전
경기 의정부, 교원구몬 녹양지국,시간협의,"월급1,800,000",21분전
경기 의정부, 교원구몬 녹양지국,시간협의,"월급1,800,000",22분전
경북 예천군, 교원구몬 영주지국,시간협의,"월급1,800,000",24분전
경북 영주시, 교원구몬 영주지국,시간협의,"월급1,800,000",24분전
경북 영주시, 교원구몬 영주지국,시간협의,"월급1,800,000",25분전
서울 전체, 교원구몬 대림지국,시간협의,"월급2,000,000",26분전
대구 전체, 교원구몬 평리지국,시간협의,"월급1,800,000",33분전
대구 전체, 교원구몬 평리지국,시간협의,"월급1,800,000",34분전
인천 부평구, 교원구몬 삼산지국,14:00~20:00,"월급2,000,000",39분전
제주 서귀포, 교원구몬 서귀포지국,시간협의,"월급1,800,000",41분전
대구 전체, 교원구몬 성서지국,시간협의,"월급1,800,000",41분전
대구 전체, 교원구몬 성서지국,시간협의,"월급1,800,000",42분전
대구 달서구, 교원구몬 성서지국,시간협의,"월급1,800,000",43분전
전북 익산시, 교원구몬 동익산지국,시간협의,"월급1,800,000",47분전
서울 노원구, 교원구몬 상계지국,시간협의,"월급2,000,000",52분전
서울 노원구, 교원구몬 상계지국,시간협의,"월급1,500,000",53분전
서울 노원구, 교원구몬 상계지국,시간협의,"월급2,000,000",53분전
전남 순천시, 교원구몬 순천지국,시간협의,"월급1,800,000",58분전
인천 서구, 교원구몬 계양지국,시간협의,"월급1,800,000",1시간전
인천 서구, 교원구몬 계양지국,시간협의,"월급1,800,000",1시간전
인천 서구, 교원구몬 계양지국,시간협의,"월급1,800,000",1시간전
경남 창원시, 교원구몬 진해지국,시간협의,"월급2,000,000",1시간전
부산 남구, 교원구몬 용호지국,시간협의,"월급1,800,000",1시간전
대구 전체, 교원구몬 황금지국,시간협의,"월급2,000,000",1시간전
대구 전체, 교원구몬 황금지국,시간협의,"월급2,000,000",1시간전
대구 전체, 교원구몬 황금지국,시간협의,"월급2,000,000",1시간전
부산 남구, 교원구몬 용호지국,시간협의,"월급1,800,000",1시간전
부산 남구, 교원구몬 용호지국,시간협의,"월급1,800,000",1시간전
부산 북구, 교원구몬 화명지국,시간협의,"월급1,800,000",1시간전
서울 성동구, 교원구몬 성수지국,시간협의,"월급1,800,000",1시간전
대구 달서구, 교원구몬 상인지국,시간협의,"월급1,800,000",2시간전
대구 달서구, 교원구몬 상인지국,시간협의,"월급1,800,000",2시간전
대구 달서구, 교원구몬 상인지국,시간협의,"월급1,800,000",2시간전
대구 달서구, 교원구몬 상인지국,시간협의,"월급1,800,000",2시간전
대구 전체, 교원구몬 상인지국,시간협의,"월급1,800,000",2시간전
대구 수성구, 교원구몬 지산지국,시간협의,"월급1,800,000",2시간전
경기 남양주, 교원구몬 별내지국,시간협의,"월급1,800,000",2시간전
경기 남양주, 교원구몬 별내지국,시간협의,"월급1,800,000",2시간전
강원 원주시, 교원구몬 남원주지국,15:00~20:00,"월급2,000,000",2시간전
강원 원주시, 교원구몬 남원주지국,15:00~20:00,"월급2,000,000",2시간전
경남 김해시, 교원구몬 김해지국,시간협의,"월급1,800,000",2시간전
경기 남양주, 교원구몬 별내지국,시간협의,"월급1,800,000",2시간전
